"","x"
"1","Desmognathus_conanti_ott22089"
"2","Desmognathus_santeetlah_ott964109"
"3","Desmognathus_apalachicolae_ott534313"
"4","Desmognathus_ocoee_ott306162"
"5","Desmognathus_orestes_ott733895"
"6","Desmognathus_ochrophaeus_ott964119"
"7","Desmognathus_auriculatus_ott188621"
"8","Desmognathus_fuscus_ott964106"
"9","Desmognathus_welteri_ott893908"
"10","Desmognathus_planiceps_ott549600"
"11","Desmognathus_brimleyorum_ott22090"
"12","Desmognathus_carolinensis_ott880990"
"13","Desmognathus_monticola_ott964102"
"14","Desmognathus_aeneus_ott188622"
"15","Desmognathus_imitator_ott964104"
"16","Desmognathus_marmoratus_ott893907"
"17","Desmognathus_quadramaculatus_ott964115"
"18","Desmognathus_folkertsi_ott453546"
"19","Desmognathus_wrighti_ott964132"
"20","Desmognathus_abditus_ott3620612"
"21","Desmognathus_organi_ott5810220"
"22","Desmognathus_cf._auriculatus_JYL-779_ott7071260"
"23","Desmognathus_valentinei_ott7071264"
"24","Desmognathus_aureatagulus_ott7666967"
"25","Desmognathus_chermocki_ott7666968"
